2877806338,sam,1234,sam,malik,101010,2002-12-12,2024-03-09T07:21:19.810892Z,Patient
2883489100,samsam,1234,sam,malik,123456,2002-12-12,2024-03-09T07:23:58.252817Z,Patient
1768661392,samsamsam,1234,sam,malik2,123456789,2002-12-12,2024-03-09T07:25:03.797079Z,Doctor
2079955511,hello,hello,hello,hello,hello,2002-12-12,2024-03-09T07:25:50.221346Z,Patient
1251083306,email@example.com,password,John,Doe,123,Main,St,2024-03-09
2416144823,email@example.com,password,John,Doe,123,Main,St,2024-03-09
3951379925,email@example.com,password,John,Doe,123,Main,St,2024-03-09
4759329781,email@example.com,password,John,Doe,123,Main,St,2024-03-09
5579378086,email@example.com,password,John,Doe,123,Main,St,2024-03-09
1203034234,email@example.com,password,John,Doe,123,Main,St,2024-03-09
2059685415,email@example.com,password,John,Doe,123,Main,St,2024-03-09
3101326929,email@example.com,password,John,Doe,123,Main,St,2024-03-09
4898517063,email@example.com,password,John,Doe,123,Main,St,2024-03-09
5904958035,email@example.com,password,John,Doe,123,Main,St,2024-03-09
1690019898,email@example.com,password,John,Doe,123,Main,St,2024-03-09
2315289799,email@example.com,password,John,Doe,123,Main,St,2024-03-09
3596119150,email@example.com,password,John,Doe,123,Main,St,2024-03-09
4342573548,email@example.com,password,John,Doe,123,Main,St,2024-03-09
5652440747,email@example.com,password,John,Doe,123,Main,St,2024-03-09
12345678,hello,hello,sam,malik,101010,2002-12-12,12am,Doctor
jibxS3kr,1BMgtPeuXy,hello,sam,malik,101010,2002-12-12,12am,Doctor
E1wYiWrb,KvmvGWhOgM,hello,sam,malik,101010,2002-12-12,12am,Doctor
